url_path,views_total,views_unique
/nanlabs/terraform-aws-starter/issues/5,17,8
/nanlabs/terraform-aws-starter/issues,11,3
/nanlabs/terraform-aws-starter/pulls,10,2
/nanlabs/terraform-aws-starter,8,4
/nanlabs/terraform-aws-starter/blob/main/modules/rds/README.md,8,2
/nanlabs/terraform-aws-starter/blob/main/modules/bastion/versions.tf,4,1
/nanlabs/terraform-aws-starter/tree/main/apps/start-stop-ec2-instances,4,1
/nanlabs/terraform-aws-starter/blob/main/modules/rds/docs/MODULE.md,3,2
/nanlabs/terraform-aws-starter/tree/main/modules,3,1
/nanlabs/terraform-aws-starter/blob/main/modules/bastion/README.md,2,2
